Laba Kotor,Bayar Gaji,Bayar Air,Bayar Listrik,Biaya Transport,Biaya Promosi,Biaya Packaging,Bayar Pajak,Laba Bersih
259153,57294,5428,1913,3932,6531,2053,2463,179539
275537,41362,3581,2697,4589,11857,6364,2345,202742
229913,57718,3103,3677,2735,14768,2487,2776,142649
135216,50603,5854,2368,1592,7141,3741,4486,59431
188663,66385,2642,2144,3468,10061,2971,2960,98032
212388,44371,4892,2898,2253,7809,5352,3755,141058
192674,49451,4085,2356,3730,14312,3427,4079,111234
241818,60585,2550,3064,4254,14109,4983,3717,148556
105491,54940,3291,3916,4662,5720,4695,4054,24213
251598,45387,4717,3541,3830,13641,5878,2770,171834
113280,50006,5709,3973,3607,9808,5880,2590,31707
134362,56603,4978,2325,4725,13398,6594,3278,42461
140215,41253,5485,1992,1251,12561,6457,2054,69162
261532,51867,3703,3167,3700,11879,6974,2444,177798
213352,46019,2493,3459,1230,5339,2874,4809,147129
263425,66749,5325,2433,3898,6799,2638,3740,171843
269994,65363,2561,1920,3991,6129,4266,3301,182463
132948,65354,5187,2699,2089,11225,2656,3011,40727
231400,66713,2627,1935,4192,8827,3247,3116,140743
295767,58205,5235,1659,3194,14383,6167,2598,204326
229489,47275,3476,2499,3723,10811,5021,3967,152717
107257,44876,3180,2408,4914,12063,2415,4485,32916
162885,42759,2688,3883,4495,14470,6926,3784,83880
117710,42860,2278,1773,4150,8262,2503,3733,52151
293382,52792,3371,1606,3007,5805,3135,3422,220244
274913,42947,4895,2555,3453,7145,4313,3345,206260
203732,57478,5938,2720,3624,12283,5662,4718,111309
154252,42299,4523,2126,3058,9167,3381,3234,86464
186825,40785,4945,3018,4489,7136,2024,2934,121494
277375,53768,3488,2287,1548,10069,5668,2745,197802
287173,44984,5613,2474,2439,8172,6211,4451,212829
155133,49134,2179,3842,1190,7744,2344,4614,84086
113390,63198,3053,1854,1589,11914,5988,4643,21151
244754,66716,2012,1792,3866,12504,3690,3166,151008
210843,69329,5951,2128,2967,6894,6376,3998,113200
145590,51100,4275,3550,4557,10621,3926,4278,63283
266117,47216,3088,2847,1101,5382,3062,2653,200768
266122,45681,3855,3479,4555,5285,4770,4744,193753
133803,53194,4881,1591,3845,12112,6694,2869,48617
165494,40374,5349,3896,2960,5877,5376,4323,97339
208073,55410,4628,3943,4006,9810,6152,4783,119341
263810,44958,2616,2516,4615,8011,3336,2138,195620
123547,47050,3923,2753,1828,11080,4634,3057,49222
292711,42639,2868,3128,2754,12704,6282,2512,219824
298382,41326,5001,3622,2560,12413,6908,4857,221695
167076,50908,3234,3463,4000,9798,6094,4560,85019
146132,66005,2176,3107,2407,11042,5735,3813,51847
174495,57732,2365,2066,1926,8113,4164,4991,93138
205171,52204,5403,3860,1276,5825,4805,2222,129576
284536,67825,5084,3743,1179,14003,4198,4920,183584
203208,52402,3991,2530,2523,11956,5287,4165,120354
201718,47550,3358,2498,1231,5360,2617,4421,134683
211482,55537,5610,3342,1931,10235,2111,2033,130683
141288,40481,3577,2746,4556,7619,2828,2486,76995
160533,44817,5018,2702,4677,5168,3337,2355,92459
274104,51431,2395,2826,3848,12132,5300,2603,193569
254057,64598,3896,3118,3410,14136,5556,2992,156351
278897,62488,4776,1514,4341,10485,2871,2117,190305
133044,62769,2857,3616,1983,7291,2231,3738,48559
246587,48446,3610,3128,2031,13104,6297,2530,167441
211153,47962,3464,2627,2121,11164,3819,4960,135036
103184,47115,5362,3514,1622,13357,4413,2053,25748
167698,44800,4721,1645,3929,8239,4169,4859,95336
114234,49046,5628,2217,1971,8861,5874,4124,36513
244198,47083,5297,1905,1153,14259,6015,3158,165328
126822,57501,2770,3643,2795,14072,3056,4055,38930
253655,47416,2690,2586,4890,6722,6804,4812,177735
133643,59358,2039,3857,4832,11334,5996,4485,41742
206050,42515,3676,2223,1626,6434,5548,3955,140073
167502,67075,4417,3198,3510,9370,6928,2887,70117
255686,41488,4040,2714,3354,5993,4153,3277,190667
258627,41941,2913,3734,3759,13642,6851,2584,183203
136103,67585,4054,1538,3893,6883,5207,4746,42197
110617,50754,3690,3848,1499,10221,4762,4507,31336
260867,46034,3858,1818,3515,12672,3611,4270,185089
217077,59728,5580,2718,2514,7907,3360,3264,132006
172221,58816,2636,2610,1705,6673,2595,3361,93825
178265,54708,2819,3703,2165,5343,5313,4942,99272
188470,45660,3223,2049,4681,5568,3003,3915,120371
279592,67412,3897,1899,1179,14254,4928,2947,183076
141203,56302,4476,1716,1717,12545,4159,3774,56514
152380,68681,4620,3972,1157,11133,4375,2466,55976
119484,60839,2875,3434,1126,7541,3289,3635,36745
125139,42565,4978,2006,3365,5834,6732,2936,56723
243174,68789,3075,3315,3056,11855,3293,2589,147202
125223,40481,5551,2064,4681,7910,2316,2490,59730
137747,42494,4855,2194,4896,6464,3877,2619,70348
295218,50843,5762,1860,4394,8049,4738,4510,215062
101207,40482,3818,2146,1665,7932,6514,3510,35140
174882,54578,5565,2975,2387,9846,6454,4337,88740
227764,47130,4488,2337,3234,7416,2681,4650,155828
277299,46553,5664,2465,2643,12683,4979,3841,198471
226940,45836,4123,2069,1084,7618,6896,3923,155391
127825,51554,2296,3932,4322,12605,6050,2712,44354
265178,50460,3403,2992,3120,6040,3056,3038,193069
277970,55726,4446,2045,3690,13446,5498,3345,189774
175902,61877,5575,1689,1671,13255,3728,2735,85372
228021,58964,3291,3528,2382,11582,2212,2015,144047
217453,57990,2887,3043,3053,8022,6070,3543,132845
246886,55997,2005,2485,3941,5040,5172,2399,169847
169907,46942,4967,2849,1837,14608,3751,2254,92699
238966,69059,2839,3438,2225,9413,4622,2342,145028
225832,58755,3006,3801,1122,12359,2655,2247,141887
210742,66273,4866,3288,4363,11120,2123,3814,114895
131145,57599,2293,3306,1873,12928,6135,2831,44180
148131,58220,4132,1968,4858,6040,2541,2547,67825
223804,40252,4871,3577,2655,10090,6172,2968,153219
280413,43663,2957,3673,4229,11039,4018,2154,208680
147027,45437,2021,1920,1201,13317,2281,3780,77070
201526,56024,3577,2460,3194,5825,3403,4258,122785
172293,58778,3992,2004,4826,14606,5271,4037,78779
292585,55514,2382,3325,2646,10799,5056,4336,208527
261331,68477,5121,2518,1802,9215,6316,4454,163428
296713,42916,2607,1748,2788,13228,4159,4385,224882
243136,40584,5235,3854,1058,5520,4435,3352,179098
225175,46890,3555,1520,3756,12111,6054,4386,146903
121005,49595,4508,2074,2566,13458,6025,2428,40351
227242,53335,3215,2314,1791,8266,3624,4646,150051
173985,54119,5794,1638,1561,5599,2865,4987,97422
195155,62509,2122,2938,1421,11223,6280,2485,106177
119875,65145,2697,3708,1736,12604,2382,4206,27397
231400,61461,3290,3866,2919,9935,4009,4027,141893
290914,57242,2645,3686,3782,6219,4693,3544,209103
255660,55290,2313,1709,4549,6218,3046,4826,177709
159322,47723,3294,3003,1936,5015,6385,3265,88701
114096,45466,3647,3589,1550,12046,2560,2112,43126
260456,52192,5151,3002,4236,11262,5574,2321,176718
207637,49472,2232,2213,3140,14839,5600,4890,125251
235257,61957,2195,2773,1205,13003,6256,3968,143900
159071,47612,3952,3720,2121,7896,6516,3312,83942
283974,51644,4614,3736,3964,7009,6718,4498,201791
162465,41907,2705,2181,2768,6615,3231,3145,99913
198943,67258,4783,2030,1624,11984,6347,2122,102795
296555,47674,3315,2821,4160,5036,5876,2844,224829
128440,63049,5674,2335,2719,9580,2412,3915,38756
207796,53196,2624,2375,1840,5188,2492,2392,137689
175626,61523,3968,3492,4807,5261,5427,3147,88001
229384,60315,2850,2040,1553,14772,4148,2962,140744
193315,42486,2150,1976,3215,11004,4527,2532,125425
274111,49762,3478,3874,1143,5602,5906,2608,201738
245792,63521,4549,3002,2407,8323,6411,3281,154298
136770,54570,2047,3479,4972,6207,5566,3641,56288
292631,48572,4772,1815,2776,9856,5376,3628,215836
183535,52357,2435,1792,3275,6199,6831,2086,108560
183866,52357,5817,3946,2359,7629,6421,2162,103175
221778,40558,5112,1959,1945,13606,5526,4855,148217
147796,55935,5174,2057,4532,6607,5497,4029,63965
248958,52678,2624,2151,4245,14092,3219,3175,166774
108495,63171,4840,2465,2767,14747,3192,2083,15230
214256,46641,3422,2504,3920,10307,6154,2098,139210
116706,43391,2184,2723,3292,13267,6253,3074,42522
205529,57986,3201,2530,4232,5543,4417,3985,123635
187971,68435,3828,2928,3512,5382,2888,4216,96782
105983,41454,2375,2300,4353,12789,3431,2546,36735
136134,45565,5790,1895,4811,14867,2047,4242,56917
284845,50008,4208,3183,4902,5836,2038,2053,212617
129020,63684,3666,2003,3785,8510,2255,2134,42983
201849,66462,5242,2028,1624,5195,6487,4501,110310
138025,64924,5222,3622,3556,9949,2952,2530,45270
243445,45242,2915,3801,2465,7076,4866,3606,173474
201989,41064,4015,3755,4580,6978,4398,4872,132327
128508,46173,5224,3885,2079,13442,2189,3737,51779
164035,43666,5431,1607,1220,6652,3327,3527,98605
177938,55469,3772,3221,1977,5424,3697,3369,101009
239645,66657,2212,2784,2027,14056,2390,3801,145718
166787,46644,5428,1949,3923,9235,5214,3375,91019
200275,61948,4272,2328,4633,5921,6863,4896,109414
258230,62747,5542,3930,2920,9046,5463,2462,166120
174491,66259,5237,1575,3192,9750,4671,2171,81636
173853,67915,4002,3935,4864,14752,2376,4379,71630
280074,47540,3949,3974,3622,11964,4850,2176,201999
117386,53231,3155,2039,4243,9784,3131,4810,36993
158486,56784,3562,3962,4294,6999,5273,2129,75483
139296,65321,5071,3523,3391,14753,6055,4732,36450
219955,56319,4198,3717,3358,14381,6131,2306,129545
271354,64905,4702,3559,3682,12835,6120,3573,171978
169189,47543,2140,1632,4991,14714,6728,4045,87396
115879,48170,4233,1961,3614,7236,5009,2890,42766
218019,66845,3977,2025,3552,6571,4510,3525,127014
272736,65413,4873,3361,4542,7490,6079,4530,176448
285664,51736,3114,2805,2975,14700,4751,3169,202414
257603,50245,5172,3604,4924,6457,2434,4252,180515
173807,41255,2169,4000,4024,10781,3998,3890,103690
135863,50421,4648,2666,1614,6685,2072,2315,65442
249497,45674,4642,3814,3513,9098,3394,2077,177285
105154,59928,4723,3249,2462,12790,3294,2052,16656
279685,66662,3578,2715,1481,14399,2672,3213,184965
275443,47305,2434,1938,2302,7355,4156,2111,207842
224733,56692,4456,3579,1317,14645,3619,4157,136268
183360,63061,4849,2852,4030,11266,2074,4953,90275
175827,56394,2795,3802,4536,5745,3506,4643,94406
286319,68799,5301,3733,3110,7762,5693,2517,189404
225536,46159,3531,2933,2911,9834,4167,3729,152272
245793,57079,3063,2801,4226,9530,6281,4361,158452
237740,49472,3446,2244,1107,13139,5539,4494,158299
182616,50122,4384,3674,1365,6869,2777,4608,108817
248396,59450,2139,2004,2981,14302,5106,4766,157648
152478,51535,3176,3821,2100,8707,3844,2817,76478
157859,69715,4593,2847,4947,11799,6495,2250,55213
229157,69651,4435,1528,2176,12884,4745,3099,130639
222305,42426,2063,3728,4650,10539,4862,2623,151414
251339,54499,2701,1589,2884,9817,4557,4333,170959
269303,52729,2252,3908,1050,8334,4084,3275,193671
291487,57629,2565,3640,3512,13626,2131,3454,204930
271245,53487,2862,2442,2281,8812,2145,2741,196475
134170,58350,5049,2968,2432,13958,5672,4180,41561
203999,57667,3535,1897,4432,14928,4647,2703,114190
298720,61755,3388,3467,2159,12346,5253,2746,207606
104489,57179,5582,3548,3442,6203,3184,3783,21568
243544,62554,3985,3742,2518,13240,6805,4110,146590
133070,44659,3463,1879,1697,7898,6103,4691,62680
206978,42256,5744,2655,3200,9189,5071,4825,134038
229791,56311,2955,3523,3295,14539,3042,2207,143919
201192,50196,2537,3389,1147,8333,2268,2398,130924
117858,55759,4142,2725,3718,14813,3363,3611,29727
178126,49966,4582,3804,1408,6126,6631,3097,102512
289752,63039,2182,2897,2908,11468,4134,3925,199199
136629,69019,3445,2745,1373,14851,4385,4049,36762
284603,54916,5858,3648,1476,5210,2466,4788,206241
294973,47985,4720,2350,4609,6237,6684,3395,218993
195735,64426,3892,3962,2262,5939,5259,4337,105658
276930,65784,2352,3867,2338,6844,4844,2116,188785
172752,68972,4346,1525,3962,7173,3889,3568,79317
104565,64936,5264,3738,4261,10141,5388,3778,7059
114299,61247,5364,3964,4798,7251,3925,2759,24991
167774,48448,2045,2694,3842,11507,2555,4057,92626
118772,56348,2128,2041,4674,10468,5897,4225,32991
217500,68913,3039,2927,4405,7505,4041,2223,124447
268743,45020,2214,1708,3721,11246,3411,2620,198803
256799,50541,4776,1972,4974,9366,4595,4137,176438
227348,59105,4946,2751,4406,6578,3705,3225,142632
167270,41717,3455,2492,3747,5038,6069,3239,101513
208654,66658,2193,2873,1399,8023,6770,3677,117061
196377,69843,4764,2363,2938,9481,3224,2495,101269
194615,57644,5151,3376,4863,6662,3448,4575,108896
166407,44817,3661,3501,3068,14136,6055,4789,86380
147622,55312,2793,2872,3963,12487,6967,3424,59804
214491,43853,2819,3015,3988,8882,6347,3924,141663
277595,49679,3866,2337,2234,7342,5777,3964,202396
229456,61310,2672,3989,2297,7125,3790,4018,144255
144930,45056,3485,3570,4770,8235,4312,2139,73363
253744,44636,5689,2826,2895,7573,2174,2111,185840
100038,46772,4024,1789,1417,6396,6176,2174,31290
108556,44721,4744,2263,3505,11675,3522,3587,34539
261873,47546,3079,2457,3391,12856,6609,4063,181872
124825,61847,2359,2996,2880,9385,2429,3877,39052
129419,42629,4804,2409,3379,8493,6071,3075,58559
101455,52923,5644,1612,1308,13645,2557,3154,20612
250695,42934,4423,1799,2950,6962,4165,2540,184922
179490,46331,3343,3141,2116,12822,6345,4936,100456
125692,58396,3526,3345,1194,6841,4921,3878,43591
292003,52726,3947,2275,2515,7433,5145,3666,214296
215986,65126,5617,2500,4786,11688,3733,2442,120094
165608,65685,4320,2660,2233,6566,6748,2519,74877
108762,53507,5800,2580,2578,7402,4240,3693,28962
108755,51691,2320,3670,4002,13444,2649,3886,27093
178120,50540,4084,3523,1652,9055,5570,2146,101550
175586,49162,4274,2660,1810,8619,3094,4469,101498
260584,65362,3614,3422,4756,13133,5819,2223,162255
293366,53158,5461,2011,2388,11761,3135,3154,212298
256840,52980,2281,1865,3966,9673,2459,2902,180714
149965,55856,2749,3762,1459,10473,3728,4626,67312
231705,40239,3146,3721,3662,9205,3005,4131,164596
179565,66155,3590,2583,4134,10041,3858,4640,84564
265301,61603,5568,2264,3960,6703,2032,3110,180061
261858,43104,4100,2503,2302,9416,6540,2179,191714
166169,46140,5048,2438,1363,12526,3376,2517,92761
150323,60736,4122,2144,1519,13562,4371,3762,60107
165419,59957,3302,3257,3239,13586,6568,2761,72749
160407,63347,2033,1606,4526,10882,5684,2779,69550
280456,44709,5992,2439,1549,14896,3223,3196,204452
216410,64657,4408,2323,3491,6260,6975,4837,123459
244541,54154,2977,3658,1975,14269,4979,3730,158799
115755,58663,5478,3998,3545,14075,5453,2692,21851
191302,60702,5915,1721,1795,7238,4195,4322,105414
225994,64675,3403,1595,1323,12226,2297,3315,137160
263903,51347,3690,2521,1492,10887,6288,4639,183039
276668,67018,5632,3209,2097,7493,2329,4547,184343
270900,56415,5619,3731,3952,6811,6088,2656,185628
149237,54688,3071,2595,1091,8013,3371,3354,73054
111872,62556,3030,3805,4782,7680,6787,3247,19985
256967,47880,3884,2296,1836,5213,2626,4222,189010
199705,47010,2178,2848,3716,7956,4398,4891,126708
141800,60901,3321,2228,1340,8536,5933,4808,54733
179406,44577,3016,2576,2851,6020,4022,3113,113231
147481,56187,2333,3177,1535,10509,5262,3927,64551
100297,67770,4367,1760,2646,14742,4813,2376,1823
252430,69703,3635,3117,1235,8163,3335,4261,158981
234961,52323,5527,3921,4416,11440,6836,3753,146745
156873,61244,4763,2908,2829,14931,5631,2876,61691
266077,42281,2212,3414,3670,11365,4677,4436,194022
240369,56689,4828,3492,3529,13088,2013,3640,153090
261258,61232,3111,3809,3995,10078,6633,3662,168738
240617,58719,5400,3046,2890,10504,2718,4227,153113
222479,64910,3306,3061,3785,14342,4026,3490,125559
292504,62576,5225,2085,2773,12809,3122,4347,199567
169626,42372,4915,2510,4043,12435,5068,2660,95623
192554,46328,3946,1822,1456,7419,6132,4141,121310
132856,67737,3455,2959,3734,12083,2018,2633,38237
279062,45414,4177,3354,4067,10661,4361,3111,203917
212304,44579,3542,1658,4538,14092,6661,3072,134162
297167,56884,2033,1919,4942,9225,2322,4916,214926
204243,41698,3261,3122,1499,10851,2153,4858,136801
202837,64542,2158,3097,2851,11703,2021,4832,111633
252773,68848,3090,2367,3537,14645,5433,4956,149897
203340,60936,4249,3194,3752,14171,5601,4346,107091
213891,51265,2344,3154,1811,7107,5033,3363,139814
134248,50627,4071,2723,4252,13821,4798,3728,50228
173333,48634,3468,2304,1559,14599,3417,4367,94985
228032,61583,4270,2375,4524,12498,3938,3651,135193
214977,49565,4859,3561,1419,14973,6916,3769,129915
177468,68915,5372,3559,2689,14691,6228,2435,73579
154229,53661,4261,1562,3597,13451,4169,3234,70294
194763,47836,4698,2512,2438,12837,4331,3143,116968
298300,63982,2141,3188,2189,5221,2231,3639,215709
115775,41970,2814,3188,2912,6951,2007,2217,53716
224989,61721,5948,2796,2093,12231,3831,4590,131779
154569,40142,2156,2490,1914,8053,3537,3631,92646
107971,40968,4496,2847,2529,5495,6418,2810,42408
196706,66171,4922,2883,3451,10253,4737,3828,100461
270493,53807,3816,3949,3013,14892,4283,4021,182712
215744,66536,3781,3356,1891,14675,5662,3964,115879
286463,52445,3725,2238,4440,8269,3512,4114,207720
115292,61195,5235,2076,2064,5127,6423,2004,31168
125332,62149,4501,3386,1801,6729,2688,3288,40790
147832,63115,2196,1564,3849,5311,5814,3080,62903
130878,42290,4905,3768,3883,12129,2797,2052,59054
172809,50704,5208,3040,1772,14827,3190,2967,91101
259250,42938,3735,2138,2878,12824,5685,4227,184825
163319,65901,3930,3238,1640,11943,6398,2767,67502
162541,47976,2200,3396,1024,11219,3055,4906,88765
135593,60234,2862,2543,4518,5396,5401,4107,50532
161995,55268,4971,3807,2168,10641,2136,4521,78483
214796,50892,4118,2915,3466,6972,6799,3310,136324
111908,44793,5999,2278,4927,9748,5068,3465,35630
221305,58337,5323,3663,3756,12272,4949,2920,130085
176440,40475,5859,2669,3262,10961,5856,3810,103548
107576,45064,3985,2294,4115,8890,4608,4498,34122
113688,69238,5400,3876,2712,5511,4267,3313,19371
205460,64671,4172,3233,2098,7815,6605,2501,114365
186406,64697,4130,3157,4744,14989,2399,2817,89473
190880,54391,3397,3147,4716,13798,2988,4311,104132
234648,62458,3376,1597,1015,14204,5197,3269,143532
141841,52236,2351,2707,4728,5202,6883,4795,62939
179880,57445,2733,3435,4040,8139,2710,3016,98362
130261,66158,4045,1805,2737,8292,6568,3090,37566
209536,54277,2543,2636,4001,5547,5676,2393,132463
193680,59719,3819,1976,3450,10326,3181,4637,106572
225502,43520,2709,3458,4645,9474,3864,3744,154088
135123,59129,3236,2125,4601,8206,6332,3966,47528
117628,54406,5817,3222,2374,6156,6776,3185,35692
240203,49091,4383,1678,4142,11096,3629,3384,162800
117114,60141,3788,3679,4388,9479,2352,4548,28739
203246,49858,2445,3025,3579,6343,2018,2272,133706
257751,55861,2024,2004,2692,5611,3871,3246,182442
196062,45556,3487,1663,2423,10938,5927,4336,121732
297193,58841,5129,1913,3714,10901,2935,4719,209041
177174,40674,2398,2055,1596,13698,5133,4007,107613
257396,44021,3990,2110,1308,14258,4601,2793,184315
169839,68291,2118,3206,2744,12645,5522,2258,73055
154494,49424,3846,1991,1592,6713,6675,4855,79398
131309,55739,2677,3399,3321,13111,6775,4979,41308
281894,52002,2255,2225,4278,12437,3574,2154,202969
244804,68028,4390,2765,1003,14264,4061,2618,147675
263812,42800,2021,1971,1055,9982,3056,3936,198991
143860,58572,5473,2357,2175,6475,2140,4445,62223
218948,42642,2790,2234,3570,5536,3637,2348,156191
197749,41117,3210,3292,1944,14238,6861,2487,124600
287660,51178,2532,2960,3271,13124,5573,3046,205976
217209,42797,4380,2917,1201,5969,3162,4654,152129
284614,48941,2603,2061,4234,12210,5178,3314,206073
129525,68401,2033,2502,1250,10982,3313,4052,36992
239132,44722,5078,3951,4611,6774,6796,3068,164132
178634,68376,2731,1820,2304,11447,3216,2503,86237
149195,55795,3091,3396,3567,8948,4967,3773,65658
232790,63596,3683,3914,1115,7722,2261,2961,147538
269371,63736,3336,3285,4517,12908,6723,2431,172435
109766,46894,5915,2060,1135,5250,2907,3769,41836
128218,53426,5518,1707,2687,11567,3512,3936,45865
217221,69488,5938,1775,4901,8917,6639,3013,116550
288273,54297,3170,1768,4899,8647,4654,2893,207945
106993,40782,5425,2914,3547,10503,4323,2999,36500
251866,59663,3045,3626,1154,5277,2685,2024,174392
293126,64073,2738,1824,3981,12414,5818,3725,198553
105058,49192,3296,2725,1597,11365,4028,4121,28734
173567,48750,2323,3618,4403,13739,2933,4129,93672
181381,57341,5810,3646,1914,5773,4186,3656,99055
122029,52696,3994,1641,1455,10406,4897,3657,43283
237804,47910,2130,3515,3193,5384,6256,2797,166619
273343,59542,5999,3146,3632,11056,3913,3105,182950
275208,46280,2458,3362,3042,7966,5665,2763,203672
225320,59056,4833,3966,4057,8283,6735,2573,135817
140185,52615,3052,1637,4469,8285,2480,4180,63467
256893,50310,2107,3045,3190,8723,2530,3255,183733
287138,69037,5073,2658,2761,8975,2145,2842,193647
235269,52125,3603,3261,2400,11984,3767,4319,153810
241628,57047,4934,3558,1169,7619,2080,4625,160596
203290,41889,3744,1881,2559,14552,2396,3886,132383
150913,62452,3943,1922,4345,11264,3091,2207,61689
188459,45134,5479,2620,1399,7667,5980,2936,117244
162740,50428,5134,2957,1764,6657,3920,4473,87407
154941,67662,3915,3454,1989,8342,4935,3613,61031
103957,50642,4899,3792,1173,14779,4396,3530,20746
199032,62263,5902,2540,1595,8856,6486,4223,107167
148591,68255,3331,3178,2083,9936,5995,3502,52311
215580,57680,4807,2695,4025,10152,5153,2952,128116
256332,44207,2117,2266,4787,12313,4901,4488,181253
158498,61899,2199,3041,3910,7123,3825,3765,72736
247920,61814,3180,2428,4630,5602,4749,2666,162851
228524,48499,4056,2872,1372,11892,5067,4163,150603
282670,61386,2562,2665,3537,11630,5084,2756,193050
128957,48313,3547,1804,3109,10933,6057,3942,51252
120801,42835,5555,2339,1123,11939,3063,4744,49203
242850,53561,4680,2737,4909,12542,2858,2477,159086
263023,42193,3394,3945,1745,12279,2013,2068,195386
124915,66592,3852,3599,1360,8739,2994,4941,32838
250455,59955,5554,3431,3257,6602,5029,3484,163143
150262,64139,3626,2168,2200,10924,4422,3792,58991
260781,43494,2848,3271,2742,12830,6988,3909,184699
234227,57358,2458,3748,3443,7850,6182,4491,148697
171778,55252,3816,3042,1286,11835,3991,3688,88868
189518,40526,3428,3008,3990,8517,2718,2231,125100
113213,48691,4991,2073,3354,6637,3041,2547,41879
187878,45497,3503,3389,2641,6153,2137,4885,119673
111140,44873,4521,3455,4167,12764,6646,3448,31266
250274,53493,3235,3792,2887,10737,6669,4884,164577
176813,60601,3804,3900,2064,6408,2426,4234,93376
290003,41203,2356,1509,3152,13775,6875,4300,216833
106196,60627,5410,1512,3401,14179,6217,4301,10549
230239,50202,4615,3673,3344,5503,2842,2297,157763
141839,56394,4069,2897,4410,7607,5089,4246,57127
242687,46438,5562,2949,2962,5991,6403,2115,170267
298106,66595,2603,3716,2593,6714,6886,2774,206225
277775,59485,4222,3818,4359,8199,4931,3901,188860
129781,65466,2342,3055,3812,5906,4074,4663,40463
174268,65401,2006,3927,2761,7202,4347,4205,84419
106976,52240,5722,3080,3040,12202,5423,2469,22800
197320,57533,3962,2385,4538,11529,2951,2110,112312
111045,52375,4038,3020,4381,11512,5070,3400,27249
276306,49855,4286,3848,2193,7548,5265,4245,199066
264414,60576,3858,2095,3014,8651,6105,3499,176616
283337,62194,3024,2722,1890,12860,2611,3750,194286
222528,47560,2741,2497,1935,13998,4876,3469,145452
104433,69124,4202,2546,3184,9809,3634,3153,8781
103493,41015,3876,2549,3628,7289,4888,2792,37456
215393,53491,2992,2316,1128,13860,3283,2115,136208
192959,54242,4605,2338,1917,12280,4289,2051,111237
222378,61697,2411,3906,1184,10810,2946,3060,136364
159671,66596,2946,1652,1153,8178,3503,3418,72225
258541,58902,2470,2791,3463,12557,2055,3862,172441
230823,49383,5064,1818,3972,5327,3041,2762,159456
270923,67537,2369,3149,4470,13465,6790,3203,169940
241896,68729,2095,3545,4727,10890,4919,3545,143446
240666,67817,2497,2146,2451,13913,5082,3628,143132
288660,63823,2260,3159,1681,14107,6160,3058,194412
265382,47963,3363,3312,1147,9961,6564,4314,188758
239380,53934,5823,2738,3936,8038,6681,3604,154626
192165,66207,5009,3265,4657,13849,2236,3421,93521
115318,60109,2352,2109,2498,13858,6265,4730,23397
133379,68756,3782,1895,2002,10031,6108,4203,36602
150982,45615,2086,3384,2555,7303,3188,3440,83411
161503,49881,4965,1653,3488,5301,4424,2251,89540
187633,63727,4890,2314,1206,8210,3071,3027,101188
156588,43811,5521,3707,1974,13263,4829,4577,78906
164936,69747,4899,2560,1300,14129,4025,3360,64916
118394,42590,4063,1843,4827,11294,2368,4622,46787
243830,50231,4088,3645,2027,14131,4601,2262,162845
118073,46123,4842,3772,1229,6505,4742,4136,46724
238666,48032,2523,2667,4979,11445,2974,2775,163271
126955,58231,2672,1777,4746,8708,5651,3096,42074
191653,44838,3766,1838,3247,7465,5640,3032,121827
185261,69059,4864,2334,3598,14872,5254,4609,80671
172852,45504,5466,1875,1551,5601,6359,2627,103869
266199,55887,2238,1895,2730,9127,6215,4635,183472
208014,62790,2142,1942,2763,14197,5645,3275,115260
136190,62932,2080,1505,2708,11514,4987,3508,46956
223435,57279,4661,3506,2809,7726,4156,4817,138481
198206,60778,2081,2983,4629,8160,3734,4255,111586
207556,61382,3370,2961,3050,12495,6338,2376,115584
181477,69275,4501,2869,2136,14834,6485,2903,78474
281612,53976,4064,3861,3097,10402,4098,4881,197233
112121,50023,2582,2100,3039,5778,2627,3859,42113
177602,55636,5092,2193,2062,7034,2020,3240,100325
164010,60546,3303,3625,3003,9558,3476,4763,75736
236279,50044,5837,1879,3720,5060,2499,3192,164048
260195,66084,4023,2971,4678,10527,6744,4176,160992
130688,63071,2640,3719,2935,10532,4403,4521,38867
119713,43953,3286,2938,1595,11629,3247,2588,50477
227372,57430,4989,2781,2587,8447,6416,2928,141794
272783,42468,5788,3108,3452,12952,5425,4377,195213
276130,49227,2026,2798,3526,6084,2049,2842,207578
108178,56603,2043,2309,3976,9327,5484,4649,23787
267192,62203,2781,1786,3243,5137,6105,2654,183283
179752,51669,2523,2972,4515,8409,4278,3901,101485
179893,55820,5575,2673,1063,14734,4314,4243,91471
201721,40559,3913,2880,1683,8463,2973,2961,138289
119540,52302,4616,3760,4517,9698,6099,2028,36520
121115,41167,2504,3583,1277,13281,4105,2064,53134
251977,50718,5644,2458,2063,14515,6728,3233,166618
220988,65305,4530,1711,2537,12920,4553,2439,126993
271417,62985,2857,1905,2529,13487,2619,4498,180537
206518,66566,2534,1718,1147,7278,4343,3423,119509
233000,53120,2963,3247,1025,9007,4318,3007,156313
184331,46328,3574,2076,4316,12750,2984,2000,110303
289677,68915,5318,2108,2761,8443,6578,3466,192088
271099,61004,5238,1963,1578,13595,6391,3925,177405
191717,55534,4083,1546,1885,12509,6768,2649,106743
226440,51211,5646,3988,2508,13919,5218,2053,141897
168110,52440,4477,2630,2549,14691,5468,3982,81873
150072,67707,4239,3156,4044,12421,2450,4634,51421
208375,65838,5885,3921,4065,12124,4219,2018,110305
233866,43196,4678,3773,3340,10760,3331,4708,160080
199065,65010,3123,3882,4020,8559,5127,3651,105693
258028,57868,5396,1620,4586,14891,6582,4439,162646
109934,40095,4726,1914,2276,9574,4851,4685,41813
266861,54682,5059,1801,2174,11017,4098,2567,185463
111896,60798,5336,1811,2144,9052,4768,4643,23344
294432,55520,5480,2630,2088,6049,3794,2959,215912
113418,41320,4806,3458,4286,11809,5824,3431,38484
133600,59255,3817,3671,4873,8435,6341,2530,44678
184151,60804,3572,1870,1976,11960,5220,3553,95196
270056,64199,4700,3905,4502,13405,3979,2597,172769
112398,40172,2678,3124,2353,9778,6400,2887,45006
229986,69242,5996,1728,3333,11928,2841,3256,131662
121250,42087,5156,1773,3147,7949,2881,2163,56094
226052,42598,5610,3245,4610,13962,2396,3240,150391
296081,53581,4334,3897,4023,11140,6924,4189,207993
289677,41286,3658,2801,2564,9717,4790,3378,221483
152070,51111,3614,1998,3130,10652,4982,4278,72305
226000,44485,4556,1742,3274,5350,5224,4025,157344
155141,43296,5053,1891,4401,8642,2297,3266,86295
121916,44896,5376,3789,3448,6820,2624,3294,51669
227023,44717,2586,2699,3718,5139,4680,4703,158781
200844,51204,3333,2706,1902,11021,3431,4308,122939
247997,55584,5885,2632,4877,11643,5952,3311,158113
161276,61379,2887,3547,3395,5125,6616,4904,73423
125696,61021,5189,2973,3514,10983,4312,3579,34125
197818,58768,2827,1925,3079,11839,5875,2879,110626
173486,52478,4701,3696,3405,12416,6851,2353,87586
248488,58092,3278,2937,3692,8331,2154,4333,165671
243267,56232,2933,1648,2538,13348,5924,3687,156957
239840,63823,3294,3232,2937,10081,5302,3954,147217
296828,69265,2537,3224,4120,13467,6368,4136,193711
182106,49784,5052,1643,4723,11282,4189,3168,102265
162587,43152,5267,3563,1201,12881,5082,4572,86869
181835,46819,4979,2775,3659,10926,3440,4248,104989
136854,52091,3782,3728,4104,10455,3397,2767,56530
238406,43201,4283,2806,3954,10870,4736,3566,164990
123696,44213,3713,1521,1917,13708,5258,2456,50910
205563,64644,5913,2171,2574,8293,2196,4405,115367
120270,68200,5014,2771,3344,6428,4953,2721,26839
210436,45335,5230,3971,4711,10918,4577,3367,132327
170699,69398,3155,3927,1158,10476,3805,2423,76357
180057,52320,2707,3759,4661,14836,6214,3915,91645
148803,64798,5323,3594,3793,13568,3128,2934,51665
103488,44590,2142,2399,4451,9099,4156,4420,32231
209663,59647,3483,3041,2855,11223,3653,2137,123624
143994,48916,4357,3294,3924,13810,2338,4975,62380
257803,63087,3098,2357,4858,6574,2555,3358,171916
107724,44483,4853,2937,1377,7929,5537,3095,37513
163580,61207,3992,2497,1627,6393,6060,2074,79730
287852,50908,2056,3093,2080,9571,4222,2036,213886
237958,50338,3508,1987,1291,14916,3727,3085,159106
156667,59133,3648,2695,1844,8801,4006,2046,74494
211887,40591,4213,3892,3061,11135,4244,4509,140242
277425,57491,5292,1695,1361,10955,5069,4430,191132
241455,45847,2007,3409,2946,10675,5073,4844,166654
247120,66455,5470,3304,2460,9553,4619,2009,153250
168678,58442,5789,3900,4157,10929,6701,3253,75507
213519,67342,3652,3477,1739,13197,5752,2666,115694
275986,57962,4205,2507,2883,6455,6846,4910,190218
180922,45295,5409,2029,3926,9742,3561,4800,106160
182966,40625,4112,3716,3758,13935,3596,2224,111000
146073,42968,5684,1572,1615,11564,3363,2661,76646
177810,67794,4363,1614,2193,14982,4474,3745,78645
244171,61458,2318,1806,1084,10590,4016,3118,159781
187139,59664,3270,1803,1348,6248,3888,2014,108904
283819,57462,3446,3294,3716,6914,5854,4065,199068
179371,55742,5764,2777,3571,6167,4996,3796,96558
111320,54554,2069,1623,3900,12089,5503,3283,28299
225090,40885,5924,3691,1070,8574,6794,4407,153745
243738,62109,5747,3465,3718,10616,5292,4393,148398
156825,47001,3507,2928,2873,9966,3518,3112,83920
117752,67167,3673,3810,4871,11923,4401,4965,16942
136504,46611,2870,2461,2456,10898,3942,3522,63744
223969,61346,2827,1519,3807,7393,5173,4965,136939
208945,67940,2789,2699,4334,12728,2718,4040,111697
243463,60455,5484,2583,4611,14366,4645,3146,148173
250819,51921,3522,2491,2965,9792,6545,4675,168908
279563,69818,4177,2911,3634,11892,2135,4172,180824
165075,43636,4806,2643,3679,9484,2375,3725,94727
178354,57570,5587,1645,2098,12144,6552,4725,88033
208176,47815,4038,3979,2817,9860,5592,2802,131273
196102,54528,3635,3685,4900,11804,5599,3384,108567
254908,68983,4494,1971,4022,8644,5333,3089,158372
140905,44674,4776,2333,1480,6988,2620,2520,75514
283232,69549,3081,1584,2572,12925,4893,2598,186030
125863,63948,5777,3157,2125,9908,6684,3098,31166
215362,63227,3515,3470,1232,6827,3440,4564,129087
188541,55836,3732,3831,4397,7851,3793,3852,105249
149330,66617,2122,2278,4596,5519,6257,2531,59410
256266,40830,2400,1845,3668,13598,2898,4687,186340
224639,53904,2525,3704,3182,9100,6814,3999,141411
265542,42175,5215,3686,2661,5773,5122,3987,196923
162200,56838,2735,3916,2623,6573,3327,2819,83369
210488,47116,4035,3341,2132,14262,3776,2453,133373
160308,42429,2485,3526,4555,7713,4409,2413,92778
113110,65405,2318,3774,1591,6922,4866,2696,25538
263103,45079,5860,2391,1495,13647,2907,3240,188484
274922,48906,5592,2335,3364,14596,3028,2703,194398
195214,47617,3134,2696,3630,12141,5298,3897,116801
293244,48511,4049,2174,4759,9894,3307,3005,217545
112431,48538,3436,2712,1931,14556,6846,2370,32042
118017,69833,4028,3701,3792,10160,6541,2624,17338
255510,62877,2986,2525,4774,14275,2774,3790,161509
161530,65489,3613,3753,1205,8973,2429,4197,71871
264462,50083,3076,1658,2138,12142,3072,2918,189375
261401,48282,4344,1715,3619,10864,6818,2421,183338
140412,54742,2423,1918,2365,13079,4708,2329,58848
229758,62890,5046,2622,1642,13387,6335,2295,135541
103452,50829,2900,3348,3838,10165,4394,2647,25331
221339,40819,2953,3981,4695,12823,5472,3839,146757
104130,53914,4288,3874,4545,12014,3769,2636,19090
154607,61739,3214,3988,1019,10655,4075,4014,65903
112350,66590,3372,3469,3164,5921,2421,3784,23629
251591,47945,5672,3865,2258,13567,5886,4394,168004
120887,42660,5738,1638,4081,5096,4934,4376,52364
162373,54097,2901,2062,2205,13697,3223,3901,80287
115297,46146,4055,1596,4140,6987,3484,2735,46154
183784,62736,3053,2968,1090,6441,5269,2723,99504
151668,40251,5463,3287,4648,8666,2991,3144,83218
138288,47182,4868,3322,4203,5191,3967,2796,66759
174503,51613,4761,3049,2616,13653,5599,2271,90941
229846,67609,2802,2025,1641,14371,4089,2869,134440
213166,46724,4548,3149,2287,7650,4278,2387,142143
235418,66129,2715,3420,3240,6171,3988,4594,145161
282718,56780,2985,3060,4796,14961,4404,2485,193247
148784,52969,5757,1648,3208,6113,5493,3555,70041
143189,63988,2740,2924,2502,5174,3975,3191,58695
272570,45048,3722,3249,3927,13234,6343,4841,192206
125713,51467,5859,1523,3763,5123,5578,3019,49381
172172,58270,2892,1994,4120,10082,6294,3031,85489
204610,60556,3497,2852,1550,5751,6209,3007,121188
104731,45317,4028,2492,1787,10041,2331,4171,34564
213110,63658,2327,3141,2058,10931,3676,3968,123351
278274,49143,4241,2684,4012,7804,3318,3456,203616
119506,46827,2250,2926,3145,11788,2142,4967,45461
117536,54361,3213,1766,1671,12840,2481,4157,37047
284160,52033,3495,3796,3969,6687,5559,3001,205620
227295,43768,4376,2087,4720,6455,2591,2417,160881
167776,58199,2202,3406,1563,8105,3718,4053,86530
174268,55296,2908,3424,4847,12742,3379,4128,87544
170018,49070,5399,1867,3554,11352,6231,4650,87895
255970,46308,3649,3602,4331,13631,3991,2833,177625
107154,61265,5071,2257,2280,7676,6163,3449,18993
216232,65894,3621,2847,4516,8473,5993,4838,120050
193467,58669,3421,1885,4714,8649,4369,2309,109451
275606,69232,5550,3100,1215,8143,3947,3158,181261
218119,40749,5638,3350,3691,14866,3663,3354,142808
154253,63233,4312,1940,3939,11485,4161,3630,61553
293718,46772,3869,3375,4441,9691,4344,2728,218498
128434,67431,2600,1600,3354,11041,3504,4793,34111
165941,57564,4788,1656,3366,11207,5129,2261,79970
154433,54746,3544,2097,2542,6993,2266,3087,79158
299183,41712,3796,2788,4964,8742,6075,4467,226639
161937,60517,2749,1594,4735,7889,5971,4966,73516
258608,44134,2751,3825,2497,8411,4395,2402,190193
102842,45049,4285,1577,4028,11660,3867,3728,28648
279277,64675,4677,2752,3420,13927,4268,3132,182426
295291,43986,2732,2077,4728,7795,3063,3566,227344
288583,54459,5630,3915,3484,5533,5881,4909,204772
164469,62773,5531,1883,2843,8570,4210,4309,74350
115185,44005,4945,1739,2030,7831,2168,2200,50267
121674,51670,2816,3789,4462,10799,2115,3512,42511
203667,42335,3199,1734,4309,14565,3398,2662,131465
128849,47939,3493,1865,1112,5290,3164,2646,63340
268668,42595,5586,2688,4924,8323,4446,3775,196331
226065,57733,3147,2932,4376,14171,3402,2772,137532
220089,49435,4425,2702,1338,8111,5396,3924,144758
263496,57423,4609,3764,3521,9192,4483,4542,175962
181850,51496,5672,2140,1457,11547,6303,2692,100543
202820,43513,2280,1626,1420,9936,2033,4238,137774
296903,61102,5386,3394,4867,10130,3653,2914,205457
252935,66987,5720,3642,2488,7127,2805,2447,161719
220189,46886,4662,2333,2272,12795,2884,3063,145294
132612,64893,2810,3404,4250,10558,6042,4873,35782
127887,41228,4914,2607,3565,7838,5596,2957,59182
171466,50924,4047,2943,4694,8781,4881,2547,92649
165780,47966,3763,3225,2887,6942,4491,4492,92014
149089,44443,2567,3221,1385,10153,2598,3312,81410
182036,52143,3773,3867,1102,10654,5075,2702,102720
230309,48934,2137,3517,1428,11830,5584,4050,152829
282712,52562,5377,2174,2270,9844,3425,3447,203613
232652,42595,2438,1568,4996,6014,3930,4776,166335
170537,45789,2504,1925,2168,8531,6293,2183,101144
248882,50249,2467,1761,4841,6275,2103,2859,178327
243751,46379,4483,2185,4627,14686,6054,4029,161308
131591,46463,2555,2466,4126,5495,2828,3993,63665
210482,48301,5924,2750,3431,7433,6280,2885,133478
294386,53043,5585,3154,4008,6606,6374,4340,211276
222314,65642,5924,1923,4007,5216,2553,3091,133958
190209,40852,5764,2546,3666,8073,6733,4695,117880
261319,43718,5001,2996,1514,12503,4145,3809,187633
200310,53156,3221,3091,4437,11561,3499,2868,118477
171972,47858,3414,3515,3712,11389,5342,4447,92295
137961,55856,2831,3377,2323,8169,2075,3136,60194
250719,55742,3238,3302,3230,5480,2202,4084,173441
265829,47943,4066,1540,3850,9031,2250,4753,192396
174162,45097,5354,3483,2063,8947,5834,2905,100479
238637,41208,5939,3357,4830,12276,6036,4524,160467
259905,55673,3617,1803,4410,5987,6321,3627,178467
191641,64479,5799,1784,1475,11562,3856,2792,99894
254920,64165,5528,3067,4724,5886,6404,4872,160274
109870,62339,4322,3018,4907,12577,4695,2995,15017
242175,62861,2861,2317,4183,11320,3878,2803,151952
227243,50241,3511,3432,3124,11150,5233,2904,147648
219420,42391,3905,2385,1139,12930,2971,3918,149781
289870,60037,5420,2802,4906,12564,2681,3745,197715
260331,47930,2968,2160,2318,13427,3438,3772,184318
152714,42764,4553,3363,3657,13195,4037,4669,76476
171593,56457,2832,3439,3393,12498,6691,4138,82145
244472,51186,4635,2461,2666,5939,6122,2894,168569
163285,55404,3425,3451,4501,14947,5966,4533,71058
118450,59551,4736,3839,4042,13577,6356,3645,22704
108893,60086,2343,1646,1511,13540,2946,2625,24196
200135,46783,2391,2848,4275,9937,2802,3314,127785
207953,64635,5450,2376,2073,8619,6478,2990,115332
100534,65933,5555,3939,2993,6284,4453,2048,9329
294255,47980,2051,2645,4706,13418,5337,3100,215018
189301,46221,4218,1781,3321,9295,5737,2770,115958
110149,50453,5228,3945,2324,9746,5686,2268,30499
110273,60788,2577,3112,1361,10303,2089,4544,25499
257299,63541,3315,2264,3111,11606,2617,3915,166930
259442,43627,5271,2425,2873,11664,4808,3803,184971
127451,62750,5000,3513,2247,7079,5118,3757,37987
132681,42704,5918,2636,3400,11712,3196,3858,59257
279346,51127,5440,3833,1955,10897,2517,4905,198672
135086,68788,3106,2239,4788,6315,6961,3157,39732
126520,57068,5712,1593,3210,6941,6570,4981,40445
136686,46955,5642,1671,4338,13427,3827,2868,57958
260773,62971,2493,2046,1312,8037,3781,4449,175684
124398,40096,2971,2849,1607,7099,4226,4181,61369
221661,62740,4052,1667,4308,6153,4211,2630,135900
228511,59835,5994,2914,2004,8495,6527,2193,140549
130293,44923,3194,2678,1606,8719,3482,2669,63022
137659,68329,2874,2053,2134,13980,3893,4923,39473
293556,53203,5022,1723,2665,9028,2046,3433,216436
241714,58574,3588,2930,3014,14605,5449,4061,149493
166067,56071,3940,1592,1540,6354,5618,3984,86968
195438,65070,3267,1539,4508,9469,4433,3887,103265
286923,69430,2861,2627,2330,9541,5639,3523,190972
157069,50611,5243,3324,2449,13565,4107,4537,73233
209544,63417,4252,3575,3160,8427,3630,3647,119436
161627,42708,3436,3227,2456,6448,6056,3854,93442
173373,47283,2095,2346,3753,6934,5676,3070,102216
278366,54623,3051,3715,2608,12350,5406,3701,192912
113177,67510,2826,2779,3590,6431,2833,4815,22393
263970,49450,5699,2240,1258,6785,3271,3004,192263
172837,40195,2357,3518,3952,13355,3685,3678,102097
106080,66961,2211,1767,2938,7983,4206,3431,16583
136726,55916,5608,3541,2652,5702,3836,3055,56416
173476,40964,3044,2786,2602,13008,6095,3768,101209
292635,66554,3584,3933,1668,9465,3989,2780,200662
262526,54134,2016,3349,4011,14013,4435,4763,175805
219417,56029,3904,3926,1590,7815,4942,3884,137327
241654,68327,4405,3179,1542,6969,4977,2617,149638
114766,60638,4897,3035,2236,12461,5559,2542,23398
150085,51108,3244,2189,3310,12786,5440,3327,68681
241213,61306,3050,1654,2140,8834,6441,4261,153527
110953,68248,3481,3367,2747,14819,4392,4830,9069
280621,46426,3042,1573,3010,7305,2430,2644,214191
135390,45972,3731,3960,1730,13604,3161,2710,60522
295174,60299,2837,2008,1268,9298,5629,4872,208963
273898,48418,2028,3703,2206,11622,6391,3571,195959
168012,65272,5942,2894,2737,8596,6193,4672,71706
111309,53014,5016,2246,1448,11343,2244,4555,31443
292617,47513,3767,1698,2921,13723,3630,4761,214604
239493,46262,5813,1753,4475,12944,3485,3037,161724
132437,67321,4192,3730,4842,5391,4086,3675,39200
133228,54876,3553,2194,4766,13481,5037,4361,44960
118032,57612,2174,1584,2438,14669,4456,2586,32513
275559,67385,5447,2911,1590,9116,5211,4080,179819
212578,43434,5169,3594,2367,9473,4615,2777,141149
292807,49397,2349,2005,4183,12022,4305,3536,215010
137237,48425,3033,2037,4064,12022,3005,4213,60438
279153,43671,4963,2833,1794,6754,4179,2874,212085
181870,60850,2864,1913,1607,13523,4440,3291,93382
119237,45612,5868,3769,4403,5534,5414,3213,45424
230318,55795,4980,3602,3921,5043,6576,2669,147732
162629,41737,2307,2572,3514,7051,4861,4807,95780
264651,62068,3112,2361,3790,12583,3145,2336,175256
277827,63338,5884,3243,1588,13860,3232,2369,184313
272051,65802,3910,3527,2839,9215,6295,3369,177094
266131,46912,2442,2177,4660,14508,6978,2425,186029
238418,44629,3187,3619,3489,9341,5444,4366,164343
159311,42911,2455,3067,4582,8788,4951,2742,89815
223488,49290,3657,1823,4491,11505,4578,2384,145760
183364,53573,4670,2461,1850,13597,6306,2569,98338
156707,66242,2737,3044,1596,13385,2607,2856,64240
216062,49951,2990,1956,4865,11572,6601,2483,135644
230451,42099,4578,3381,4906,11634,6027,3179,154647
207526,65704,5719,2574,3904,12519,5157,3710,108239
118535,47638,3591,1895,1987,12848,2924,2449,45203
236928,44624,5277,2700,3359,10937,3422,2072,164537
234778,53254,4542,3297,1482,11134,4782,3961,152326
238621,66438,2846,2226,4492,6356,6822,3339,146102
246692,64161,4606,3470,3558,5316,2943,2640,159998
293290,45318,4649,1999,4000,13973,4341,2321,216689
225002,41982,4925,3640,2361,10010,2199,2425,157460
171206,50328,3400,3630,2337,13910,4574,3315,89712
158422,48322,3683,3371,3129,10296,4397,3417,81807
282138,56549,2292,2350,4095,12480,5678,3528,195166
247260,46979,3857,2355,3455,6680,5121,4890,173923
104861,56378,4204,3483,4231,10797,3449,4828,17491
134528,66366,4612,1836,2684,9984,3907,2119,43020
298678,54203,3518,2719,3265,11531,6707,3241,213494
299189,44053,3343,3619,4998,10825,2879,2244,227228
218404,50995,5518,3436,2204,13477,4018,3169,135587
173654,54358,2357,2976,4794,9504,6137,2203,91325
273723,66568,4381,1799,2380,13044,6361,2571,176619
181528,46606,2541,1880,4327,9040,6269,3558,107307
151637,44366,2594,1847,2275,10892,2651,3319,83693
129687,51290,4288,2251,2208,9548,4160,3542,52400
266781,63759,5068,1682,4478,6738,2180,3754,179122
279259,58584,5727,3539,1117,8424,4256,2398,195214
168491,40578,3916,3380,4084,6545,5006,4786,100196
269290,51364,2346,2709,2928,6380,5772,3230,194561
114085,50937,2626,2704,3007,14264,6960,4713,28874
163582,47925,3474,3043,4954,13022,3184,3622,84358
140790,48654,3681,3749,3393,9752,4345,3057,64159
268759,67546,4059,2258,1705,9395,5528,2263,176005
175614,59687,2936,1779,2780,9113,2434,4087,92798
183805,40488,3272,3096,2304,5335,3021,3465,122824
166489,64935,5065,2722,2508,6591,5985,3800,74883
166830,43587,3405,2251,4385,13453,5122,2486,92141
155486,41451,5495,3618,4256,13425,5200,4351,77690
245343,64290,3740,3729,4984,5603,2253,3199,157545
122466,66569,2888,3400,4424,12067,5569,3610,23939
240517,43527,3294,3388,3967,10868,3790,4371,167312
163616,45673,4158,2849,1375,7649,2429,2026,97457
200891,50234,3511,3782,1721,13002,3406,3833,121402
105357,67525,4988,2434,4475,5172,2891,4987,12885
182536,47000,4580,2586,4807,8260,5145,3540,106618
126832,54850,2324,3833,2824,9863,6177,3348,43613
245002,69349,3050,3931,4351,11247,6094,3034,143946
184382,48910,5890,2878,1190,10971,2820,2108,109615
258732,65365,3232,3805,1244,5101,6273,2367,171345
180321,47326,3447,3613,3969,7875,3209,2887,107995
178677,57689,4299,2503,2346,7439,6048,2906,95447
273163,63125,3271,1639,2178,12809,6585,3611,179945
230216,56967,4169,2514,3684,8321,3963,2007,148591
296806,44982,5372,2197,1670,11353,6491,4384,220357
251561,45431,3182,3990,4244,10071,3172,4123,177348
248830,47043,5429,2076,2607,6597,4377,4834,175867
231408,62311,2553,3882,4180,6916,2283,4264,145019
124696,59076,5140,2678,1637,10513,6294,4530,34828
112559,42356,3739,2755,1490,7014,4325,3421,47459
104940,65987,3984,2106,1022,10716,2156,4316,14653
239455,41456,5801,3465,1719,9780,3517,4792,168925
111188,52609,3008,2290,2597,9997,2729,2406,35552
226394,67878,4847,1799,3777,14583,6496,2189,124825
295425,66257,2463,2710,2817,5986,4516,3470,207206
281206,49512,4074,3281,2667,8511,4863,2840,205458
174110,59362,5426,3887,1517,13793,3232,4121,82772
186848,66315,2098,1738,4797,5766,5584,3320,97230
266894,46041,2599,2400,1799,5654,3184,2869,202348
285783,40413,4856,2541,4746,7026,5948,4256,215997
176442,48633,5857,3437,2719,7438,6187,3369,98802
151749,49156,2664,2602,3739,5265,2889,4669,80765
236112,61917,3675,3325,2693,8562,5361,4386,146193
257070,63004,4147,3167,1835,7950,2962,4099,169906
294237,52390,2910,2538,1657,8038,2377,3875,220452
298509,65995,5853,2805,1394,9537,2873,4895,205157
186922,59394,2793,2394,1971,11474,3849,3377,101670
260297,41815,3232,1542,2755,10578,2988,4223,193164
109732,57554,3485,1709,4150,7875,2056,2130,30773
115782,43490,4613,2944,3281,12384,6592,4477,38001
117505,48743,3713,3857,4151,10439,2936,3046,40620
172108,55143,4156,3566,1520,6843,4454,4914,91512
224851,60725,4535,3966,4148,8471,2357,3485,137164
138890,56691,3604,2724,2990,8318,2884,4188,57491
271199,59003,3160,3573,3132,5443,3943,2742,190203
216216,55913,5052,3720,2828,5335,6702,3466,133200
112824,41665,3617,2526,2532,10537,4228,3367,44352
124141,65041,3466,3626,3161,12346,3248,3400,29853
167520,59704,2378,1582,1045,10722,2692,3672,85725
295225,42176,2665,3983,1722,14737,6911,2136,220895
218384,44851,5267,2845,3522,8413,5375,3437,144674
175169,68726,5381,1792,2149,13722,3528,4596,75275
240861,65548,5878,2908,1489,7327,3415,4340,149956
297447,53129,5305,2224,2446,14903,4102,3352,211986
255011,51941,4088,3082,1544,7524,2041,4791,180000
140994,47145,4802,2209,1225,8863,6591,4073,66086
162931,56115,5971,2136,2706,12434,2100,2563,78906
111984,48207,3384,1563,4983,12938,5370,3096,32443
212163,61713,5623,2866,1051,8350,3091,4252,125217
299267,57273,5196,2378,3480,6572,6410,2383,215575
256620,54860,3069,1721,3370,5641,6093,3464,178402
252527,44054,4209,1971,2415,8554,5495,2575,183254
252000,53494,3170,1638,2585,9427,2454,2123,177109
181400,50560,4720,3479,3409,6397,3809,3340,105686
204524,44921,3945,3394,4422,11902,6767,4111,125062
223089,58684,5164,2199,3106,13700,2706,3543,133987
114763,40320,4775,2144,2814,8242,3497,3957,49014
119034,63891,3251,3978,4040,9911,2507,2275,29181
195450,51930,2064,3297,1628,6705,5715,4879,119232
156622,52393,5158,3176,4098,12766,4276,3010,71745
186908,64166,5922,2136,3907,9258,4299,2253,94967
121645,54187,4199,3217,2936,12958,4484,2655,37009
245913,61964,4386,2474,2595,14035,6304,2889,151266
154294,42479,5605,2444,4057,8166,5139,4278,82126
174285,66202,5358,2933,2493,13375,5095,3732,75097
143432,57245,4701,2681,2451,11229,6113,3224,55788
234508,56651,3190,2200,2767,14279,3498,4199,147724
276330,43393,5370,1941,4168,8986,3728,4089,204655
291195,55368,3098,3658,2709,7855,3092,4543,210872
267519,56637,2953,2002,1117,6164,6782,4380,187484
243065,48303,4852,2653,4578,8154,5644,4427,164454
242913,54290,3598,1662,4905,9513,6966,3082,158897
266974,66601,4660,2273,3318,14588,2758,3821,168955
203730,68594,3110,2676,1248,12425,4990,4489,106198
145369,48216,5358,3538,4100,9718,5306,2983,66150
206877,57567,5247,1746,4876,14636,2838,3332,116635
174253,53434,3233,3704,3620,13664,2236,4719,89643
197056,69346,3172,2699,4482,13993,3667,4022,95675
266693,57028,2048,2763,2228,5147,4643,2694,190142
200357,69098,4057,2225,4572,11548,5866,2733,100258
147590,44183,2668,2788,2080,13248,4526,3891,74206
242189,53996,4144,3533,4539,12649,5534,3115,154679
217576,52332,3229,2750,4089,5398,4343,4663,140772
125616,45779,5745,3396,2307,12684,3307,2397,50001
276174,58345,2831,3385,4597,14838,3178,3494,185506
176962,64528,2064,1796,2659,9057,3832,2251,90775
194123,59307,5255,1654,3411,8220,6564,3017,106695
145110,69024,2589,1765,1094,6791,5581,3041,55225
145132,52043,4287,3559,4826,7087,5543,2320,65467
200582,52031,2354,3656,2544,10021,3093,2982,123901
132818,42140,2124,2894,1309,12769,6449,3944,61189
282277,57020,2910,3620,1086,13882,5452,2281,196026
160141,56840,3039,3311,1946,11616,6914,2029,74446
225671,67067,2377,2631,2324,10421,2177,3532,135142
196064,64473,3085,2965,1751,12411,6635,2533,102211
198715,61238,2461,2012,4804,7526,5337,2842,112495
264533,57143,4729,2369,1275,11138,3749,3034,181096
168713,41103,2362,3249,4331,8177,6137,4461,98893
256126,40762,2966,2666,4766,11394,2713,2340,188519
274578,63152,3433,1542,1313,13589,2906,2556,186087
230052,40929,4746,1857,1402,7260,6038,2926,164894
163342,62064,3618,3748,4589,13968,3952,2892,68511
168443,58011,5262,2079,1604,10669,5235,3126,82457
288198,51864,4906,3656,2256,9489,3893,3702,208432
154096,62764,5389,1925,4962,11501,4462,2184,60909
286180,45761,5116,1692,2797,9644,5867,3583,211720
110630,64611,3628,2567,4462,13352,5213,3774,13023
167918,63249,5464,3518,2686,11505,3108,4367,74021
172603,48005,4785,3453,3422,10206,6804,2717,93211
272097,53590,3186,1857,3794,14026,6878,4742,184024
175452,46024,4138,1833,4901,8594,6726,2000,101236
222283,42616,3847,1573,3827,9228,4200,4984,152008
286457,59290,4417,3422,3455,8366,2577,3557,201373
287446,40625,3974,3196,1119,8345,2991,4800,222396
293088,47705,2963,2877,3374,8568,5248,3665,218688
241824,58632,3727,1633,1553,13106,2182,4122,156869
162989,49842,2910,2390,1658,6064,3731,3011,93383
284646,69259,4868,2280,4514,11319,5245,4126,183035
218919,54188,5806,1919,3333,5014,4711,3320,140628
137604,51160,2507,1847,3273,8721,2049,3178,64869
242379,63285,3182,2670,3705,13681,3283,2158,150415
183284,49008,2215,2905,4531,12554,4726,3422,103923
182025,41490,2861,1793,3255,13252,5629,4699,109046
209212,52846,4563,1935,4733,13643,3506,3624,124362
190444,57938,3146,2737,2856,14196,6822,4508,98241
106628,51841,5689,2608,4560,7489,4981,2553,26907
263767,46771,2444,1797,1124,5226,3777,3119,199509
118871,65545,4956,2211,2519,11314,2461,2670,27195
169200,66212,4649,3233,4485,10783,2380,4467,72991
196478,44984,4336,3938,3044,10115,6019,2293,121749
116677,44943,4544,2473,2249,6074,5566,2275,48553
126512,55643,3835,1877,4851,12945,5883,2131,39347
287890,47878,2897,2311,3166,12085,2963,4591,211999
286779,43184,5655,2518,1746,5503,2442,2566,223165
254524,56969,5272,3721,2528,5054,4841,2404,173735
213666,66085,3862,3174,2804,9028,4347,3923,120443
181241,60438,3072,3192,4548,10158,2117,3974,93742
105551,68383,3769,3217,4116,10638,3771,4864,6793
183689,59085,2344,2240,3766,5494,6491,3356,100913
124906,50551,2940,1893,1436,12558,5317,2848,47363
240218,53447,2189,3972,3276,9718,2989,3058,161569
102416,68313,2054,2831,3321,7559,4532,3852,9954
107977,48822,4398,3099,4691,13626,5678,3725,23938
147988,43677,3657,2965,1570,11316,3744,3525,77534
127082,48198,2998,3397,2960,13281,3637,4443,48168
164395,63478,3023,2055,1681,11543,5270,4915,72430
111610,40121,2167,1967,3753,12517,3143,2428,45514
283028,59060,5865,1533,1888,12777,2525,2453,196927
251998,67896,2054,3676,3484,11902,3195,3043,156748
287329,41353,2499,2245,4064,7301,4801,2822,222244
125032,55963,4837,1827,4654,12949,5809,3336,35657
282801,65446,2802,3181,4615,14599,2643,4307,185208
194248,61276,3421,2690,1429,7795,2200,2842,112595
